timestamp,x,y,z
2025-09-23T17:04:45.509866,-0.0097738365,0.014355322,0.00962112
2025-09-23T17:04:45.522544,-0.009162972,0.07101303,0.032070402
2025-09-23T17:04:45.522619,-0.012064579,0.020769402,0.025809037
2025-09-23T17:04:45.522642,-0.009162972,-0.048258316,0.011148282
2025-09-23T17:04:45.522664,-0.011759147,-0.074830934,-0.0025961753
2025-09-23T17:04:45.522684,-0.0033597562,-0.017104214,0.0065667965
2025-09-23T17:04:45.522703,-0.0027488915,0.05742129,0.016493348
2025-09-23T17:04:45.522721,-0.0009162972,0.044287696,0.011911863
2025-09-23T17:04:45.522739,0.0067195124,0.013133593,0.0033597562
2025-09-23T17:04:45.522757,0.004734202,-0.0004581486,-0.010537418
2025-09-23T17:04:45.522775,-0.006872229,-0.081397735,-0.004581486
2025-09-23T17:04:45.522794,0.0140498895,-0.007941242,-0.015577052
2025-09-23T17:04:45.522812,0.009162972,-0.027794348,-0.022601997
2025-09-23T17:04:45.522830,0.0059559317,0.023212861,-0.004581486
2025-09-23T17:04:45.522849,0.0059559317,-0.0067195124,-0.005497783
2025-09-23T17:04:46.234331,0.008093959,-0.0030543238,-0.01527162
2025-09-23T17:04:46.237856,0.0042760535,0.021991132,-0.0027488915
2025-09-23T17:04:46.237919,-0.0003054324,0.0051923506,0.0001527162
2025-09-23T17:04:53.264990,-0.0033597562,0.013286309,0.010690134
2025-09-23T17:04:53.265789,-0.0036651888,0.0058032153,0.010384701
2025-09-23T17:04:53.265832,-0.0025961753,0.010079269,0.011606431
2025-09-23T17:04:53.265854,0.034361143,0.034819294,0.0059559317
2025-09-23T17:04:53.265873,0.013439025,-0.033902995,-0.004123337
2025-09-23T17:04:53.265892,-0.007788526,-0.021991132,-0.02046397
2025-09-23T17:04:53.265909,0.08964441,-0.1678351,-0.14889829
2025-09-23T17:04:53.265927,-0.029779658,-0.068416856,-0.028252495
2025-09-23T17:04:53.265946,-0.011148282,-0.15867212,-0.022601997
2025-09-23T17:04:53.265964,-0.017715078,-0.18157956,0.039095346
2025-09-23T17:04:53.265982,0.066431545,-0.13713914,0.057726722
2025-09-23T17:04:53.266001,0.067653276,0.17699806,0.027336199
2025-09-23T17:04:53.266019,-0.040622506,0.18310672,-0.006872229
2025-09-23T17:04:53.266036,-0.14492767,-0.07864884,0.0010690134
2025-09-23T17:04:53.266053,-0.056352276,-0.20280711,-0.04459313
2025-09-23T17:04:53.266071,-0.06475167,-0.07345649,-0.024129158
2025-09-23T17:04:53.266310,-0.017562363,0.039858926,-0.043524116
2025-09-23T17:04:53.266359,0.047494736,-0.032986697,0.066889696
2025-09-23T17:04:53.266382,-0.0058032153,0.28817546,0.05177079
2025-09-23T17:04:53.266402,0.07009673,0.030695954,0.019853106
2025-09-23T17:04:53.266420,0.054366965,0.03161225,0.02687805
2025-09-23T17:04:53.266437,0.025198173,0.12370012,0.034361143
2025-09-23T17:04:53.266455,0.009926553,-0.022601997,0.0070249448
2025-09-23T17:04:53.266475,-0.009010255,-0.06856957,0.02046397
2025-09-23T17:04:53.266492,-0.013286309,-0.04367683,-0.00962112
2025-09-23T17:04:53.266510,0.010384701,0.09590577,-0.0016798781
2025-09-23T17:04:53.266528,-0.024281874,-0.024281874,-0.035430156
2025-09-23T17:04:53.266546,-0.02687805,-0.14095704,-0.055130545
2025-09-23T17:04:53.266563,-0.033902995,-0.13744457,-0.056810424
2025-09-23T17:04:53.266586,-0.014966187,-0.08002329,-0.043065965
2025-09-23T17:04:53.266604,-0.04214967,-0.092087865,-0.03329213
2025-09-23T17:04:53.266622,-0.022601997,-0.039553493,0.0058032153
2025-09-23T17:04:53.299826,0.011911863,0.037262753,0.020005822
2025-09-23T17:04:53.299930,0.03252855,0.014202606,0.032681264
2025-09-23T17:04:53.299954,0.014355322,0.0537561,0.06444623
2025-09-23T17:04:53.299975,0.045203995,0.17211115,0.07269291
2025-09-23T17:04:57.385214,0.035430156,0.10079269,0.046731155
2025-09-23T17:04:57.385901,0.012217295,0.07147118,0.024129158
2025-09-23T17:04:57.385943,-0.014355322,-0.022449281,0.0151189035
2025-09-23T17:04:57.385967,-0.037110034,-0.050090913,0.021074835
2025-09-23T17:04:57.385986,-0.027336199,-0.06139191,-0.0019853106
2025-09-23T17:04:57.386004,0.008857539,-0.012675445,-0.015424335
2025-09-23T17:04:57.386022,-0.021227552,-0.011606431,-0.00641408
2025-09-23T17:04:57.386039,-0.015882485,-0.0001527162,-0.00320704
2025-09-23T17:04:57.386057,-0.009162972,-0.037568185,-0.008093959
2025-09-23T17:04:57.386079,0.014813471,0.0065667965,-0.014813471
2025-09-23T17:04:57.386099,0.011148282,-0.07834341,-0.01527162
2025-09-23T17:04:57.386118,-0.01802051,-0.0059559317,0.037110034
2025-09-23T17:04:57.386137,0.011453714,0.06704241,0.022907428
2025-09-23T17:04:57.386157,0.0013744457,0.045814857,0.0151189035
2025-09-23T17:04:57.386176,-0.016493348,0.011300999,0.018784093
2025-09-23T17:04:57.386195,-0.016035201,0.05299252,0.017867794
2025-09-23T17:04:57.409873,-0.0035124724,0.054061532,0.015882485
2025-09-23T17:04:57.409926,0.039858926,0.08124501,-0.027183482
2025-09-23T17:04:57.409972,0.015882485,-0.102472566,-0.05054906
2025-09-23T17:04:57.409993,-0.021380268,-0.18509203,-0.045967575
2025-09-23T17:04:57.410013,0.016646065,0.026419902,-0.0059559317
2025-09-23T17:04:58.282725,0.018936807,0.073303774,0.007941242
2025-09-23T17:04:58.367053,0.009315688,0.06963859,0.01527162
2025-09-23T17:04:58.367109,-0.004123337,0.011606431,-0.017715078
2025-09-23T17:04:58.367134,-0.050854493,0.01527162,-0.2272417
2025-09-23T17:04:59.160408,0.06459895,0.014202606,-0.41844237
2025-09-23T17:04:59.167250,0.019547673,0.07467822,-0.24068072
2025-09-23T17:04:59.167321,0.076358095,0.18890993,-0.35445428
2025-09-23T17:04:59.167343,0.16554436,-0.22693627,-0.39400777
2025-09-23T17:04:59.167362,0.07849612,-0.025809037,-0.29000807
2025-09-23T17:04:59.513161,0.06780599,-0.051007207,-0.12095123
2025-09-23T17:05:00.564232,0.0010690134,-0.0810923,-0.0024434591
2025-09-23T17:05:00.595380,-0.045814857,0.11804962,-0.049174614
2025-09-23T17:05:00.595471,-0.045051277,-0.031154104,0.041080657
2025-09-23T17:05:00.595494,-0.02489274,-0.021380268,0.029779658
2025-09-23T17:05:00.595515,0.027947064,-0.04612029,0.0073303776
2025-09-23T17:05:00.786498,-0.0019853106,-0.032070402,0.0006108648
2025-09-23T17:05:00.878456,-0.013439025,0.010079269,-0.0010690134
2025-09-23T17:05:01.067166,-0.0050396346,0.03008509,-0.005345067
2025-09-23T17:05:01.251453,0.005497783,0.020769402,-0.015882485
2025-09-23T17:05:01.469196,0.0067195124,0.012064579,-0.018173227
2025-09-23T17:05:01.667232,0.0061086477,0.01970039,-0.019089524
2025-09-23T17:05:01.870007,0.002290743,0.031154104,-0.022754714
2025-09-23T17:05:02.064243,-0.007788526,0.0006108648,0.0056504994
2025-09-23T17:05:02.259022,-0.009010255,0.0015271619,0.0048869182
2025-09-23T17:05:02.465312,-0.021838415,0.0009162972,0.011911863
2025-09-23T17:05:02.664677,-0.008093959,-0.010384701,0.008399391
2025-09-23T17:05:02.845131,0.005345067,-0.017562363,0.003970621
2025-09-23T17:05:02.909637,0.0025961753,-0.009010255,0.0033597562
2025-09-23T17:05:03.240900,-0.0003054324,0.006872229,0.0067195124
2025-09-23T17:05:03.347979,-0.012675445,0.0025961753,-0.0012217296
2025-09-23T17:05:03.533559,-0.008857539,0.004734202,-0.0019853106
2025-09-23T17:05:03.716346,0.009010255,-0.0029016077,-0.009162972
2025-09-23T17:05:03.935025,0.010079269,-0.017104214,-0.0010690134
2025-09-23T17:05:04.109337,0.03940078,0.036346454,0.057115857
2025-09-23T17:05:04.307789,-0.124310985,0.034666575,0.15592323
2025-09-23T17:05:04.507754,-0.23701553,-0.0056504994,0.422413
2025-09-23T17:05:04.704037,-0.069485866,-0.27748534,0.44196066
2025-09-23T17:05:04.952185,-0.026725333,0.034361143,0.5065596
2025-09-23T17:05:05.088672,0.063377224,0.19288056,0.366977
2025-09-23T17:05:05.311484,0.09758565,0.10063997,0.13836087
2025-09-23T17:05:05.487605,0.04535671,0.080634154,0.011453714
2025-09-23T17:05:05.686646,0.067653276,0.08261946,0.009010255
2025-09-23T17:05:05.945732,0.028863361,0.029016078,-0.05177079
2025-09-23T17:05:06.107997,0.018631376,-0.03176497,-0.025809037
2025-09-23T17:05:06.341348,-0.0030543238,0.025961753,0.015882485
2025-09-23T17:05:06.473225,0.008704823,-0.010231985,-0.0030543238
2025-09-23T17:05:06.671216,0.0140498895,0.009162972,-0.00962112
2025-09-23T17:05:06.864948,0.0003054324,-0.0033597562,-0.008552107
2025-09-23T17:05:07.069383,-0.009162972,-0.0012217296,0.004734202
2025-09-23T17:05:07.264841,-0.016035201,-0.022754714,-0.0051923506
2025-09-23T17:05:07.460909,-0.022907428,-0.021227552,0.0035124724
2025-09-23T17:05:07.733353,-0.013897174,-0.03176497,-0.027336199
2025-09-23T17:05:07.850475,0.027183482,-0.101250835,-0.10720677
2025-09-23T17:05:08.055290,-0.013286309,-0.0051923506,-0.13515383
2025-09-23T17:05:08.257676,0.07651082,-0.032681264,-0.1876882
2025-09-23T17:05:08.449402,-0.029779658,-0.011759147,0.040775225
2025-09-23T17:05:08.654810,-0.06811142,-0.002290743,0.18051054
2025-09-23T17:05:08.851724,0.023976443,-0.032986697,0.007788526
2025-09-23T17:05:09.060962,-0.031001387,0.025503604,0.021380268
2025-09-23T17:05:09.271940,-0.012522728,0.022296565,-0.20341797
2025-09-23T17:05:09.443689,-0.16416991,0.14874557,-0.32039857
2025-09-23T17:05:09.632406,0.2075413,0.09193515,-0.04092794
2025-09-23T17:05:09.826482,-0.2866483,-0.6172789,-0.21013749
2025-09-23T17:05:10.028424,-0.8953751,-0.059712034,1.1074978
2025-09-23T17:05:10.222830,-0.97371846,-0.3764454,0.7977894
2025-09-23T17:05:10.423767,-0.8597922,-0.26557347,1.3208424
2025-09-23T17:05:10.619448,-2.6115997,0.9789108,-0.3084867
2025-09-23T17:05:10.814700,0.81138116,0.2944368,-0.30497423
2025-09-23T17:05:11.081726,1.187063,-0.15332706,0.062155493
2025-09-23T17:05:11.209955,1.6697989,0.4721985,-0.607505
2025-09-23T17:05:11.402020,0.7536544,0.31948227,-0.89247346
2025-09-23T17:05:11.596724,0.42775807,0.061544627,-0.37491825
2025-09-23T17:05:11.801220,0.4085158,0.04535671,-0.4508182
2025-09-23T17:05:12.002886,0.60949033,0.19914192,-0.5687151
2025-09-23T17:05:12.201103,0.5836813,0.3252855,-0.5401572
2025-09-23T17:05:12.392444,0.4668534,0.3536907,-0.39767298
2025-09-23T17:05:12.593550,0.3260491,0.24297146,-0.28130323
2025-09-23T17:05:12.853584,0.25854853,0.14385866,-0.19562945
2025-09-23T17:05:12.982994,0.13377939,-0.0056504994,-0.027794348
2025-09-23T17:05:13.191670,0.060475614,0.0056504994,-0.027947064
2025-09-23T17:05:13.374221,0.032833982,-0.013439025,-0.005497783
2025-09-23T17:05:13.595300,0.033444848,-0.009162972,-0.0010690134
2025-09-23T17:05:13.779697,0.011759147,-0.003817905,0.0070249448
2025-09-23T17:05:13.981023,0.014355322,-0.0004581486,0.011911863
2025-09-23T17:05:14.179258,0.02565632,-0.010537418,0.025045456
2025-09-23T17:05:14.365604,-0.045814857,0.0035124724,0.040317077
2025-09-23T17:05:14.564220,-0.009315688,-0.016187917,0.03649917
2025-09-23T17:05:14.794848,-0.00320704,0.0036651888,0.0042760535
2025-09-23T17:05:14.965619,0.0025961753,0.0033597562,-0.0013744457
2025-09-23T17:05:15.157613,-0.007788526,-0.0016798781,0.008857539
2025-09-23T17:05:15.351119,-0.00763581,-0.0033597562,0.010079269
2025-09-23T17:05:15.554276,0.0015271619,-0.004734202,0.0129808765
2025-09-23T17:05:15.744101,0.002290743,-0.0036651888,0.011148282
2025-09-23T17:05:15.997136,-0.018325943,-0.0036651888,0.015882485
2025-09-23T17:05:16.206758,-0.022601997,-0.0003054324,0.009010255
2025-09-23T17:05:16.341966,-0.012370012,0.0,0.0018325944
2025-09-23T17:05:16.488200,0.0030543238,-0.0019853106,0.002290743
2025-09-23T17:05:16.781308,-0.0021380268,0.0006108648,0.008399391
2025-09-23T17:05:16.979325,-0.0030543238,-0.0029016077,0.008399391
2025-09-23T17:05:17.237034,-0.01527162,0.00641408,0.007941242
2025-09-23T17:05:17.342100,-0.031306818,0.014660755,0.0151189035
2025-09-23T17:05:17.538202,-0.12965605,-0.025809037,0.09010255
2025-09-23T17:05:17.724320,-0.34574947,-0.1310305,0.25488332
2025-09-23T17:05:17.922285,-0.57467103,-0.25992295,0.49312058
2025-09-23T17:05:18.123799,-0.7654136,-0.375071,0.75609785
2025-09-23T17:05:18.372364,-1.092379,-0.5363393,0.99066997
2025-09-23T17:05:18.515170,-1.1476622,-0.5852085,0.9604322
2025-09-23T17:05:18.726430,-0.6591231,-0.19975278,0.58108515
2025-09-23T17:05:18.919418,-1.0509928,0.21456626,0.41798422
2025-09-23T17:05:19.195406,-0.16752967,0.09850194,0.1660025
2025-09-23T17:05:19.942451,-0.11804962,0.04978548,0.15699224
2025-09-23T17:05:19.942502,-0.07620538,0.014355322,0.09269873
2025-09-23T17:05:20.708209,-0.013744458,-0.009926553,0.029016078
2025-09-23T17:05:20.708297,0.0035124724,-0.014355322,0.01847866
2025-09-23T17:05:20.708322,-0.0036651888,0.0067195124,0.0033597562
2025-09-23T17:05:20.720655,-0.005345067,0.004581486,0.007788526
2025-09-23T17:05:20.720727,0.0025961753,-0.0021380268,0.0061086477
2025-09-23T17:05:21.950132,0.003817905,0.0012217296,0.004734202
2025-09-23T17:05:21.950204,0.0044287695,0.0009162972,0.0027488915
2025-09-23T17:05:24.044332,0.0019853106,0.0036651888,0.003817905
2025-09-23T17:05:24.044421,0.005345067,-0.0012217296,0.0024434591
2025-09-23T17:05:24.044443,0.0058032153,0.0004581486,0.0025961753
2025-09-23T17:05:24.044463,0.008552107,-0.0013744457,0.0004581486
2025-09-23T17:05:24.044483,0.006872229,0.0035124724,-0.0010690134
2025-09-23T17:05:24.044503,0.007177661,0.003817905,-0.0012217296
2025-09-23T17:05:24.044523,0.011759147,0.0035124724,-0.003970621
2025-09-23T17:05:24.583349,0.018936807,-0.0003054324,-0.006261364
2025-09-23T17:05:24.583423,0.014813471,-0.0006108648,-0.0048869182
2025-09-23T17:05:24.583469,0.0048869182,0.008857539,-0.002290743
2025-09-23T17:05:24.583489,0.0108428495,0.010690134,-0.006872229
2025-09-23T17:05:24.583507,0.04856375,0.0010690134,-0.027030766
2025-09-23T17:05:24.583526,0.09376775,-0.010690134,-0.0707076
2025-09-23T17:05:24.583544,0.06352994,0.0067195124,-0.0594066
2025-09-23T17:05:24.583563,0.21578798,-0.16294818,-0.048411034
2025-09-23T17:05:24.583609,1.3211478,-0.16859868,-0.82375115
2025-09-23T17:05:24.583630,1.0986403,0.4828886,-0.9787581
2025-09-23T17:05:24.583649,0.9421062,0.4967858,-0.82482016
2025-09-23T17:05:24.606284,0.69424784,0.3037525,-0.6192642
2025-09-23T17:05:24.784377,0.44364056,0.24587308,-0.3857611
2025-09-23T17:05:24.979004,0.33124143,0.19532402,-0.2677115
2025-09-23T17:05:25.185891,0.19303326,0.07177661,-0.12690715
2025-09-23T17:05:25.384618,0.18341215,0.03054324,-0.102014415
2025-09-23T17:05:25.595379,0.14492767,0.03008509,-0.097432934
2025-09-23T17:05:25.770105,0.08949169,-0.0059559317,-0.0537561
2025-09-23T17:05:25.972429,0.02535089,0.0009162972,-0.0140498895
2025-09-23T17:05:26.180319,-0.0073303776,-0.0018325944,0.009468404
2025-09-23T17:05:26.371239,0.013591741,-0.011148282,0.010384701
2025-09-23T17:05:26.560039,0.011606431,-0.004123337,0.010690134
2025-09-23T17:05:26.770606,0.004123337,-0.0073303776,0.0108428495
2025-09-23T17:05:26.961361,-0.0015271619,-0.004123337,0.006261364
2025-09-23T17:05:27.237009,0.002290743,-0.0019853106,0.004734202
2025-09-23T17:05:27.350528,0.0051923506,-0.0029016077,0.0059559317
2025-09-23T17:05:27.523553,0.0042760535,-0.0013744457,0.007177661
2025-09-23T17:05:27.843885,0.00320704,-0.0009162972,0.0070249448
2025-09-23T17:05:27.985264,0.0015271619,-0.0019853106,0.00962112
2025-09-23T17:05:28.275551,0.0009162972,0.00076358096,0.0073303776
2025-09-23T17:05:28.455467,-0.004734202,0.00320704,0.0056504994
2025-09-23T17:05:28.597952,-0.0025961753,0.0013744457,0.007788526
2025-09-23T17:05:28.738439,0.0013744457,0.0003054324,0.0070249448
2025-09-23T17:05:28.992828,0.0012217296,0.0021380268,0.0059559317
2025-09-23T17:05:29.210017,-0.0027488915,-0.0001527162,0.008093959
2025-09-23T17:05:29.340341,-0.0029016077,0.0012217296,0.0070249448
2025-09-23T17:05:29.488067,-0.0001527162,-0.0021380268,0.009926553
2025-09-23T17:05:29.776264,0.0006108648,-0.0009162972,0.009010255
2025-09-23T17:05:29.965209,-0.004581486,-0.0015271619,0.012370012
2025-09-23T17:05:30.244016,-0.009010255,-0.0016798781,0.012064579
2025-09-23T17:05:30.354847,-0.013897174,0.0012217296,0.008399391
2025-09-23T17:05:30.521244,-0.012675445,0.0024434591,0.0070249448
2025-09-23T17:05:30.712180,-0.00962112,0.0012217296,0.010231985
2025-09-23T17:05:30.993112,-0.0056504994,0.00076358096,0.009162972
2025-09-23T17:05:31.096278,-0.025045456,0.0001527162,0.01802051
2025-09-23T17:05:31.391288,-0.0980438,-0.0009162972,0.07345649
2025-09-23T17:05:31.586699,-0.23625195,-0.05329795,0.16676609
2025-09-23T17:05:31.787052,-0.4178315,-0.16371176,0.31566438
2025-09-23T17:05:31.972525,-0.51358455,-0.28695372,0.4300488
2025-09-23T17:05:32.168317,-0.5711586,-0.35017824,0.50121456
2025-09-23T17:05:32.365639,-0.6707295,-0.38240135,0.62201303
2025-09-23T17:05:32.565757,-0.56642437,-0.41752607,0.61330825
2025-09-23T17:05:32.759253,-0.87063503,-0.5876519,0.35216355
2025-09-23T17:05:32.960078,-0.8634574,-0.5201514,0.6091849
2025-09-23T17:05:33.224911,-1.2977822,0.3065014,0.5583304
2025-09-23T17:05:33.377028,-0.67668545,0.47082403,0.19593488
2025-09-23T17:05:33.549711,1.1840087,-0.92530745,-0.110108376
2025-09-23T17:05:33.753785,1.5036436,0.8440624,-1.5338814
2025-09-23T17:05:33.948845,0.9100358,0.5994111,-0.7866411
2025-09-23T17:05:34.148036,0.82726365,0.103236146,-0.38713557
2025-09-23T17:05:34.338681,0.36728245,0.10797035,0.30344707
2025-09-23T17:05:34.538091,-0.6960804,-0.16539164,0.074525505
2025-09-23T17:05:34.737056,0.7950405,-0.7278454,0.24449863
2025-09-23T17:05:34.965702,-0.11255184,0.25686863,0.62919074
2025-09-23T17:05:35.124186,0.29550585,-0.10949751,0.15118903
2025-09-23T17:05:35.329422,0.10598504,0.2357938,-0.012370012
2025-09-23T17:05:35.525032,0.06551525,-0.16829325,-0.08384119
2025-09-23T17:05:35.720137,-0.038179047,-0.041538805,-0.06780599
2025-09-23T17:05:35.948262,-0.019547673,-0.0016798781,-0.07284562
2025-09-23T17:05:36.115267,-0.0058032153,0.09590577,0.018784093
2025-09-23T17:05:36.305625,0.0009162972,0.15302163,0.08048143
2025-09-23T17:05:36.512208,0.021074835,-0.076816246,0.046273008
2025-09-23T17:05:36.785032,-0.01847866,0.101708986,0.0632245
2025-09-23T17:05:36.900172,0.011606431,0.08002329,-0.003817905
2025-09-23T17:05:37.105479,-0.025961753,-0.059559315,-0.018784093
2025-09-23T17:05:37.299319,-0.03176497,-0.009926553,-0.0056504994
2025-09-23T17:05:37.495721,-0.006261364,0.025045456,-0.012522728
2025-09-23T17:05:37.693502,-0.022754714,-0.10216714,-0.052839804
2025-09-23T17:05:37.890429,-0.056352276,-0.16371176,-0.18967351
2025-09-23T17:05:38.083268,-0.012064579,-0.14294235,-0.13912445
2025-09-23T17:05:38.286947,0.009315688,0.041844238,-0.20097451
2025-09-23T17:05:38.481984,0.08552107,-0.0010690134,-0.26343542
2025-09-23T17:05:38.690091,-0.04734202,0.29856017,0.18600832
2025-09-23T17:05:38.877755,0.044287696,0.091477,0.12171481
2025-09-23T17:05:39.076537,-0.14859286,0.36712974,0.14019346
2025-09-23T17:05:39.274130,0.067195125,-0.31184646,-0.18952079
2025-09-23T17:05:39.469976,-0.08170316,-0.012675445,0.017104214
2025-09-23T17:05:39.667621,0.043371398,-0.1065959,0.0386372
2025-09-23T17:05:39.941152,-0.10522146,-0.15012002,-0.07910699
2025-09-23T17:05:40.065024,0.060475614,-0.0035124724,-0.062460925
2025-09-23T17:05:40.259229,0.100181825,-0.09926552,0.075289086
2025-09-23T17:05:40.486155,-0.018325943,0.11606431,0.2310596
2025-09-23T17:05:40.648027,0.07177661,-0.03527744,0.11682789
2025-09-23T17:05:40.847088,0.046273008,-0.00076358096,0.06062833
2025-09-23T17:05:41.052660,0.0386372,0.07131846,0.023365578
2025-09-23T17:05:41.256725,0.073761925,0.08781181,-0.07238748
2025-09-23T17:05:41.435986,0.009315688,0.046425723,-0.07391464
2025-09-23T17:05:41.644761,-0.056963142,-0.03405571,0.033597562
2025-09-23T17:05:41.830961,0.024740024,0.10919208,0.100945406
2025-09-23T17:05:42.031202,-0.01924224,-0.064904384,0.023060145
2025-09-23T17:05:42.233897,-0.014355322,-0.058032155,-0.0065667965
2025-09-23T17:05:42.430576,-0.027488915,-0.057726722,-0.0025961753
2025-09-23T17:05:42.552629,-0.0013744457,-0.011148282,-0.029016078
2025-09-23T17:05:42.828149,-0.034819294,-0.0067195124,0.023212861
2025-09-23T17:05:43.088209,-0.024740024,-0.019089524,0.0027488915
2025-09-23T17:05:43.215043,0.00763581,0.007941242,-0.030695954
2025-09-23T17:05:43.413612,0.013897174,0.014508039,-0.016035201
2025-09-23T17:05:43.595232,0.0001527162,0.011148282,0.005497783
2025-09-23T17:05:43.811714,0.016340632,-0.00320704,-0.01970039
2025-09-23T17:05:44.010043,0.012370012,-0.0018325944,-0.012064579
2025-09-23T17:05:44.206048,0.009926553,0.018784093,-0.0074830935
2025-09-23T17:05:44.405595,-0.0,0.007788526,0.0009162972
2025-09-23T17:05:44.601298,0.007941242,-0.0016798781,-0.008093959
2025-09-23T17:05:44.794057,0.0042760535,0.00320704,-0.0051923506
2025-09-23T17:05:44.888319,-0.0021380268,0.007788526,0.006261364
2025-09-23T17:05:45.101980,-0.0001527162,0.0030543238,0.005497783
2025-09-23T17:05:45.450853,-0.004123337,-0.010231985,0.0070249448
2025-09-23T17:05:45.592720,-0.009010255,-0.005497783,0.010537418
2025-09-23T17:05:45.730683,-0.017562363,-0.019089524,0.011759147
2025-09-23T17:05:45.991820,-0.0035124724,0.0006108648,0.006261364
2025-09-23T17:05:46.205905,-0.0065667965,-0.013744458,0.0024434591
2025-09-23T17:05:46.356236,0.0001527162,-0.0029016077,-0.0012217296
2025-09-23T17:05:46.478591,0.0019853106,0.014508039,0.0021380268
2025-09-23T17:05:46.773950,-0.0019853106,0.008552107,0.005497783
2025-09-23T17:05:46.957681,-0.0044287695,-0.020922119,0.0003054324
2025-09-23T17:05:47.089728,-0.0025961753,-0.014355322,-0.003970621
2025-09-23T17:05:47.344041,-0.0013744457,0.006872229,0.0015271619
2025-09-23T17:05:47.516786,-0.0030543238,-0.0074830935,-0.0015271619
2025-09-23T17:05:47.703910,-0.0070249448,-0.0050396346,0.004581486
2025-09-23T17:05:47.981789,-0.0070249448,-0.004734202,0.007941242
2025-09-23T17:05:48.096502,-0.008704823,0.010384701,0.010384701
2025-09-23T17:05:48.301380,-0.004734202,0.0010690134,0.004581486
2025-09-23T17:05:48.452744,-0.0033597562,0.0065667965,0.0044287695
2025-09-23T17:05:48.732732,-0.0048869182,0.0006108648,0.005497783
2025-09-23T17:05:48.840918,-0.0058032153,-0.0048869182,0.0019853106
2025-09-23T17:05:49.104731,-0.005345067,0.0073303776,0.0050396346
2025-09-23T17:05:49.381240,0.0019853106,0.0003054324,-0.004581486
2025-09-23T17:05:49.488679,0.0006108648,-0.0074830935,-0.0048869182
2025-09-23T17:05:49.789005,0.002290743,-0.008857539,-0.0050396346
2025-09-23T17:05:49.963223,0.006261364,0.018631376,0.0013744457
2025-09-23T17:05:50.193173,0.013133593,-0.0129808765,-0.019547673
2025-09-23T17:05:50.246761,-0.0013744457,0.011300999,0.007177661
2025-09-23T17:05:50.455529,-0.0036651888,-0.002290743,0.0029016077
2025-09-23T17:05:50.648955,-0.0035124724,-0.007941242,-0.002290743
2025-09-23T17:05:50.844437,-0.0056504994,-0.010384701,0.0013744457
2025-09-23T17:05:51.038760,-0.0004581486,0.0036651888,-0.0003054324
2025-09-23T17:05:51.221233,0.0050396346,-0.0036651888,-0.007941242
2025-09-23T17:05:51.503080,0.008857539,0.00076358096,-0.013286309
2025-09-23T17:05:51.771720,0.0059559317,0.0025961753,-0.007788526
2025-09-23T17:05:51.849866,0.0058032153,0.0003054324,-0.0074830935
2025-09-23T17:05:51.987997,0.0036651888,-0.003970621,-0.0048869182
2025-09-23T17:05:52.259253,0.0033597562,0.008857539,0.0024434591
2025-09-23T17:05:52.451082,-0.008399391,0.0074830935,0.014508039
2025-09-23T17:05:52.734963,-0.020005822,-0.017104214,0.0108428495
2025-09-23T17:05:52.831438,-0.03405571,0.020616686,-0.005345067
2025-09-23T17:05:53.016547,-0.0074830935,-0.0012217296,-0.1802051
2025-09-23T17:05:53.229898,-0.062613636,0.12812889,-0.15714496
2025-09-23T17:05:53.424190,-0.06536253,0.030695954,-0.17837252
2025-09-23T17:05:53.620868,0.022601997,0.07040217,-0.15134175
2025-09-23T17:05:53.806718,0.0018325944,0.03176497,-0.17150028
2025-09-23T17:05:54.002148,0.1311832,-0.014202606,-0.41126472
2025-09-23T17:05:54.214368,0.27290383,-0.17348559,-0.43508843
2025-09-23T17:05:54.404753,0.1508836,-0.07956514,-0.29000807
2025-09-23T17:05:54.601585,0.03649917,0.0036651888,-0.116675176
2025-09-23T17:05:54.808552,-0.014660755,-0.09590577,0.011453714
2025-09-23T17:05:55.006606,-0.042455103,0.008093959,0.009010255
2025-09-23T17:05:55.197397,-0.038026333,0.008399391,0.023518294
2025-09-23T17:05:55.390809,-0.040622506,0.013744458,0.026267186
2025-09-23T17:05:55.590081,-0.022907428,-0.008704823,0.021380268
2025-09-23T17:05:55.792134,-0.016951498,-0.00641408,0.0151189035
2025-09-23T17:05:55.979591,-0.005345067,-0.014966187,0.014813471
2025-09-23T17:05:56.201484,-0.008246674,-0.0016798781,0.0056504994
2025-09-23T17:05:56.378851,-0.0042760535,-0.03695732,0.021838415
2025-09-23T17:05:56.613627,0.0015271619,-0.031917684,0.031459536
2025-09-23T17:05:56.777436,-0.008399391,0.041844238,-0.016187917
2025-09-23T17:05:56.966150,0.011148282,0.007941242,-0.009468404
2025-09-23T17:05:57.162976,-0.0016798781,0.050090913,-0.031154104
2025-09-23T17:05:57.394844,0.004581486,0.04092794,-0.025503604
2025-09-23T17:05:57.566598,0.013286309,0.018784093,-0.012522728
2025-09-23T17:05:57.754869,-0.0016798781,-0.0001527162,-0.018173227
2025-09-23T17:05:57.952932,-0.0029016077,0.0035124724,-0.0073303776
2025-09-23T17:05:58.157172,-0.0051923506,0.014508039,-0.0030543238
2025-09-23T17:05:58.345796,0.0151189035,0.018173227,0.08185588
2025-09-23T17:05:58.550989,-0.077121675,0.01970039,0.13332124
2025-09-23T17:05:58.747929,-0.09407318,-0.07987057,0.30314165
2025-09-23T17:05:58.962218,-0.098960094,-0.22418737,0.39950556
2025-09-23T17:05:59.143502,-0.11285727,-0.31810784,0.2780962
2025-09-23T17:05:59.336740,0.11988221,-0.29596397,0.23487751
2025-09-23T17:05:59.540837,0.19440772,0.050090913,0.20097451
2025-09-23T17:05:59.733543,0.19196425,0.2121228,0.14798199
2025-09-23T17:05:59.930862,0.13500112,0.38789913,0.1197295
2025-09-23T17:06:00.125022,0.010384701,0.059101168,0.056810424
2025-09-23T17:06:00.321615,-0.0001527162,-0.0010690134,0.00320704
2025-09-23T17:06:00.517692,-0.016035201,0.026725333,0.004581486
2025-09-23T17:06:00.716691,-0.020922119,0.013897174,0.010995566
2025-09-23T17:06:00.908817,-0.022143848,-0.016340632,0.00320704
2025-09-23T17:06:01.117971,-0.003817905,-0.046883874,-0.021532983
2025-09-23T17:06:01.306856,0.003817905,-0.06383537,-0.07131846
2025-09-23T17:06:01.509817,-0.01527162,-0.016035201,0.0058032153
2025-09-23T17:06:01.704800,-0.004734202,0.023518294,-0.034819294
2025-09-23T17:06:01.999953,-0.046425723,-0.013133593,0.03695732
2025-09-23T17:06:02.101307,-0.005345067,-0.08994984,-0.01725693
2025-09-23T17:06:02.297794,-0.024740024,-0.039858926,-0.047952887
2025-09-23T17:06:02.494696,-0.014966187,0.075594515,-0.007177661
2025-09-23T17:06:02.695826,-0.10399973,0.19058982,0.034666575
2025-09-23T17:06:02.890734,-0.48517936,0.33597562,0.16157374
2025-09-23T17:06:03.087294,-0.5377137,-0.43142325,-0.4401281
2025-09-23T17:06:03.282149,-0.19944735,0.0027488915,0.17715079
2025-09-23T17:06:03.540788,-0.7449496,-0.3008509,0.69562227
2025-09-23T17:06:03.673190,-0.67668545,-0.28115052,0.7026472
2025-09-23T17:06:03.952435,-1.8982623,-0.2623664,0.6033817
2025-09-23T17:06:04.077691,-0.6250674,0.28909177,0.1452331
2025-09-23T17:06:05.055699,0.48914996,0.3921752,-0.08353576
2025-09-23T17:06:05.055795,1.3735294,0.17424917,-0.21090107
2025-09-23T17:06:05.074259,1.5424336,0.37491825,-0.96791524
2025-09-23T17:06:05.074305,0.51450086,0.24587308,-0.6679806
2025-09-23T17:06:05.074349,0.3602575,0.159283,-0.41050112
2025-09-23T17:06:05.615457,0.49006626,0.21868959,-0.49342602
2025-09-23T17:06:05.615530,0.5383246,0.36346453,-0.59712034
2025-09-23T17:06:05.687551,0.46883872,0.34376416,-0.4331031
2025-09-23T17:06:05.840664,0.4138609,0.2451095,-0.2591594
2025-09-23T17:06:06.040990,0.37614,0.16936226,-0.20112723
2025-09-23T17:06:06.237309,0.21532984,0.057268575,-0.09590577
2025-09-23T17:06:06.442379,0.06307179,0.0386372,-0.052076224
2025-09-23T17:06:06.636610,0.0013744457,0.013286309,-0.013744458
2025-09-23T17:06:06.839283,-0.00641408,-0.0024434591,0.016493348
2025-09-23T17:06:07.035773,-0.005345067,0.010231985,0.0003054324
2025-09-23T17:06:07.232735,0.010995566,-0.0025961753,-0.0051923506
2025-09-23T17:06:07.427605,-0.0025961753,0.0025961753,0.0019853106
2025-09-23T17:06:07.623198,0.0059559317,-0.00962112,0.013439025
2025-09-23T17:06:07.819162,0.0074830935,-0.0051923506,0.0070249448
2025-09-23T17:06:08.015482,0.005345067,-0.0019853106,0.0059559317
2025-09-23T17:06:08.221640,0.0035124724,-0.0033597562,0.011606431
2025-09-23T17:06:08.495010,0.0042760535,-0.0035124724,0.0108428495
2025-09-23T17:06:08.623352,0.0030543238,0.0018325944,0.0056504994
2025-09-23T17:06:08.782727,0.0044287695,-0.0021380268,0.0070249448
2025-09-23T17:06:08.966766,0.0029016077,-0.0006108648,0.008399391
2025-09-23T17:06:09.244285,0.002290743,-0.002290743,0.006872229
2025-09-23T17:06:09.346558,0.0073303776,-0.0,0.00641408
2025-09-23T17:06:09.720746,0.0035124724,-0.0024434591,0.008246674
2025-09-23T17:06:09.840675,0.010231985,-0.0010690134,0.0042760535
2025-09-23T17:06:10.101346,0.0051923506,-0.0021380268,0.013133593
2025-09-23T17:06:10.293401,-0.054366965,-0.023823727,0.08032872
2025-09-23T17:06:10.509353,-0.30787584,-0.1291979,0.252898
2025-09-23T17:06:10.683938,-0.5419898,-0.25595233,0.48533207
2025-09-23T17:06:10.898562,-0.74052083,-0.41248643,0.8223767
2025-09-23T17:06:11.075489,-1.117119,-0.5537489,1.0775654
2025-09-23T17:06:11.274650,-1.0803144,-0.51618075,0.9431752
2025-09-23T17:06:19.344670,-0.6873756,-0.55115277,0.7046325
2025-09-23T17:06:19.359104,-0.8816306,-0.22632541,0.67699087
2025-09-23T17:06:19.359203,0.12049308,-0.2696968,0.3291034
2025-09-23T17:06:19.359254,0.041080657,-0.07238748,0.13775001
2025-09-23T17:06:19.359301,0.006261364,-0.011911863,0.036651887
2025-09-23T17:06:19.359347,0.008093959,-0.01847866,0.01802051
2025-09-23T17:06:19.360459,0.0067195124,-0.011453714,0.010384701
2025-09-23T17:06:19.360556,0.0025961753,-0.0025961753,0.0036651888
2025-09-23T17:06:19.360708,0.0056504994,-0.00641408,0.0048869182
2025-09-23T17:06:19.360824,0.003817905,-0.0029016077,0.0074830935
2025-09-23T17:06:19.360850,0.0010690134,-0.0018325944,0.008246674
2025-09-23T17:06:19.360873,0.0006108648,-0.0018325944,0.008857539
2025-09-23T17:06:19.360894,-0.0006108648,0.0013744457,0.0061086477
2025-09-23T17:06:19.360914,0.0009162972,0.0006108648,0.0033597562
2025-09-23T17:06:19.360933,0.0001527162,0.0033597562,0.0013744457
2025-09-23T17:06:19.360953,-0.0,0.00641408,-0.0018325944
2025-09-23T17:06:19.360973,0.0065667965,0.003970621,-0.008246674
2025-09-23T17:06:19.360992,0.0056504994,0.008857539,-0.010384701
2025-09-23T17:06:19.361012,-0.0006108648,0.014202606,-0.008093959
2025-09-23T17:06:19.361032,-0.0004581486,0.01282816,-0.0129808765
2025-09-23T17:06:19.361051,-0.0065667965,0.03161225,-0.04016436
2025-09-23T17:06:19.361071,-0.040011644,0.13927718,-0.1273653
2025-09-23T17:06:19.361091,0.82405657,0.60872674,-1.0236566
2025-09-23T17:06:19.384328,1.1788163,0.6071996,-1.1198678
2025-09-23T17:06:19.384368,1.0745112,0.6514873,-1.0102177
2025-09-23T17:06:19.384397,0.8277218,0.5421425,-0.8203914
2025-09-23T17:06:19.384417,0.53053606,0.29474226,-0.45158178
2025-09-23T17:06:19.384436,0.3912589,0.20952661,-0.3101666
2025-09-23T17:06:19.384455,0.20311254,0.09697478,-0.14920372
2025-09-23T17:06:19.384474,0.107054055,0.021074835,-0.056046844
2025-09-23T17:06:19.384493,0.09040799,0.015729768,-0.043371398
2025-09-23T17:06:19.384512,0.036651887,0.027794348,-0.05329795
2025-09-23T17:06:19.384534,0.022754714,0.0024434591,-0.020158539
2025-09-23T17:06:19.384557,0.005497783,-0.0036651888,0.0051923506
2025-09-23T17:06:19.384583,0.004734202,-0.0004581486,0.014202606
2025-09-23T17:06:19.384603,0.0067195124,0.0108428495,0.004734202
2025-09-23T17:06:19.384622,-0.014660755,0.0042760535,0.0048869182
2025-09-23T17:06:19.384642,-0.0016798781,-0.004123337,0.016798781
2025-09-23T17:06:19.384662,0.0070249448,-0.0006108648,0.012370012
2025-09-23T17:06:19.384681,-0.0027488915,-0.0025961753,0.00641408
2025-09-23T17:06:19.384700,0.00763581,-0.0019853106,0.0108428495
2025-09-23T17:06:19.488166,-0.002290743,-0.0029016077,0.013744458
2025-09-23T17:06:19.761245,-0.0010690134,-0.0010690134,0.013286309
2025-09-23T17:06:19.967955,0.008246674,-0.0056504994,0.012064579
2025-09-23T17:06:20.092978,0.009468404,-0.0003054324,0.0074830935
2025-09-23T17:06:20.235482,-0.0016798781,0.008246674,-0.0019853106
2025-09-23T17:06:20.512785,0.0048869182,0.0016798781,0.0025961753
2025-09-23T17:06:20.619682,-0.009926553,0.0029016077,0.008246674
2025-09-23T17:06:20.811627,-0.025503604,-0.0061086477,0.018325943
2025-09-23T17:06:21.009131,-0.003817905,-0.0029016077,0.011606431
2025-09-23T17:06:21.207797,0.020311253,-0.009010255,0.010995566
2025-09-23T17:06:21.400203,-0.022907428,-0.009926553,0.034208428
2025-09-23T17:06:21.599086,-0.07788526,-0.04291325,0.10063997
2025-09-23T17:06:21.803009,-0.26664248,-0.101250835,0.2112065
2025-09-23T17:06:22.230353,-0.43799004,-0.13942988,0.3168861
2025-09-23T17:06:22.230451,-0.5224421,-0.19715661,0.4413498
2025-09-23T17:06:22.403698,-0.6960804,-0.3016145,0.6101012
2025-09-23T17:06:22.590438,-1.0221295,-0.42684177,0.80664694
2025-09-23T17:06:22.785798,-0.95279634,-0.4874701,0.75228
2025-09-23T17:06:22.979490,-0.4816669,-0.35475972,0.6061306
